id,brand_name,matched_to,score,molecule,strength,dosage_form
"159a1cb0-a203-4cd5-9f4d-0f66ad75626d","AEROCORT FORTE RC","Aerocort Forte Rotacap",0.773,"Levosalbutamol + Beclometasone","100mcg + 200mcg","Tablet"
"ed5628bf-fb09-42c4-aa96-f20955b0f117","Alex Syp","Alex P Syrup",0.750,"Chlorpheniramine Maleate + Paracetamol","0.5mg/5ml + 125mg/5ml","Syrup"
"2dfcb32d-d0d4-45fe-b2c9-7a459cbefe44","AMBRODIL DROPS","Ambril Drop",0.786,"Ambroxol","7.5mg","Drops"
"435a0969-e157-4c89-b9ae-a9e57f1fbd7c","ARK 75","Ark 75mg Tablet",0.750,"Diclofenac","75mg","Tablet"
"4292157a-cff7-4778-adc0-1a2a340be008","ascoril expectorant","Ascorex Expectorant",0.895,"Ambroxol + Guaifenesin","15mg + 50mg","Tablet"
"3aaec94f-dcbf-46f0-b05f-5214cc6d997e","ASCORIL FLU SYRUP","Ascoril Plus Tablet",0.833,"Guaifenesin + Terbutaline","100mg + 2.5mg","Syrup"
"357957db-2638-4f53-aae4-c11e08842bbb","ASCORIL PLUS EXP","Ascoril Plus Tablet",0.750,"Guaifenesin + Terbutaline","100mg + 2.5mg","Tablet"
"af22c435-70fd-4cf6-a807-e5ffd137162a","ASTHABON","Asthalin Syrup",0.750,"Salbutamol","2mg/5ml","Syrup"
"93074c6f-1521-44fc-9018-489ea252be62","ASTHALIN RC","Asthalin 4 Tablet",0.818,"Salbutamol","4mg","Tablet"
"1abf3504-9a3e-4e0d-b790-a40b35471a52","BETNESOL FORTE TAB","Betnesol Forte Tablet",0.778,"Betamethasone","1mg","Tablet"
"deea6af8-9583-48a2-ac91-3604fc9a7163","BUDAMATE  100 INHALER","Budamate 100 Transhaler",0.826,"Formoterol + Budesonide","6mcg + 100mcg","Inhaler"
"89f4ea8b-491b-4761-896c-27bd924ab3cb","BUDAMATE 400 INHALER","Budamate 400 Transhaler",0.826,"Formoterol + Budesonide","6mcg + 400mcg","Inhaler"
"7b441c70-d462-4b6a-aa1f-5342788c63c5","CANDID SOAP","Candid KZ Soap",0.786,"Ketoconazole","2% w/w","Tablet"
"7a0ea401-2d62-47c9-a8f2-84d74c1da491","CAP ATORBIA-ASP 75","Atorva Asp 75 Capsule",0.786,"Atorvastatin + Aspirin","10mg + 75mg","Capsule"
"62890c7e-e61a-49e2-a69f-22d8835a5d0a","CAP CANDIFORCE 200 MG","Candiforce 200 Capsule",0.824,"Itraconazole","200mg","Capsule"
"d4be5be9-9ad4-46e9-84e5-3d10f3485512","CAP DOXYBOND LB 100","Doxyroad LB 100mg Capsule",0.765,"Doxycycline + Lactobacillus","100mg + 60Million spores","Capsule"
"8c982910-bd0c-4dab-85e3-00aa8aa7ff4e","CAP DYTOR PLUS LS","Dytor Plus 10 Tablet",0.846,"Spironolactone + Torasemide","50mg + 10mg","Capsule"
"7dd493b1-f5f4-412a-b977-c718db9fcb5e","CAP EVION 200","Evipod 200 Tablet",0.800,"Cefpodoxime Proxetil","200mg","Capsule"
"a8bcdecd-68e7-465f-a5a5-0a8e63a67837","CAP EVION 400MG","Evic 400mg Tablet",0.818,"Carbamazepine","400mg","Capsule"
"46e69775-c2a1-471c-8d4a-a9549d587bd7","CAP FORGLYN RESPI CAPS","Forglyn Respicap",0.889,"Formoterol + Glycopyrrolate","6mcg + 25mcg","Capsule"
"03e73bde-08a5-497c-a3af-6c8d3c569ac8","CAP MEGAPEN 500","Megapen 500mg Injection",0.846,"Ampicillin + Cloxacillin","250mg + 250mg","Injection"
"71fc469e-1de7-4e13-9598-7f70c10fdf75","CAP METOLAR-XR 25 MG","Metolar XR 25 Capsule",0.750,"Metoprolol Succinate","23.75mg","Capsule"
"ab3c16f1-e816-48ed-95ee-5b43c09df5c1","CAP METOLAR-XR 50 MG","Metolar XR 50 Capsule",0.750,"Metoprolol Succinate","47.5mg","Capsule"
"da784aa8-98e3-4965-83b5-bdf47565b7a3","CAP MICROCID 25","Microcid 75mg Capsule",0.769,"Indomethacin","75mg","Capsule"
"b54e6fad-27c5-426a-a681-608dab2ce85c","CAP OMEZ 20","Omez 40 Tablet",0.857,"Omeprazole","40mg","Capsule"
"a7a94bf4-d85f-47e7-80d7-c758ddb1cc6c","CAP PREGABID ME 75MG","Pregabid ME 75 Capsule",0.875,"Methylcobalamin + Pregabalin","750mcg + 75mg","Capsule"
"aea8b392-8023-4b1a-9dd3-37fb5956e8a9","CAP RENERVE","Renerve-G Capsule",0.778,"Gabapentin + Methylcobalamin","300mg + 500mcg","Capsule"
"e5b37edf-523d-46cd-bbe0-9f557d1ce087","CAP ROSEDAY GOLD 20 mg","Roseday-Gold 20 Capsule",0.778,"Aspirin + Rosuvastatin","75mg + 20mg","Capsule"
"41259730-d6a6-4ed4-84d9-2d2b2ea6e96c","CAP VALENT 40 MG","Valent 40 Tablet",0.750,"Valsartan","40mg","Capsule"
"4a7e1f63-837a-4289-805a-36772e5a79d2","CARTIGEN  CA","Cartigen DN  Tablet",0.818,"Glucosamine + Diacerein","750mg + 50mg","Tablet"
"0962fedf-6bc6-4858-8889-4659b37fbbdd","CEDON DRY SYRUP","Cedon DS Dry Syrup",0.750,"Cefpodoxime Proxetil","100mg","Syrup"
"17d9fd07-7dd0-49d4-8707-3ba69c1a5594","CEPODEM DT 100","Cepodem DT 100mg Tablet",0.875,"Cefpodoxime Proxetil","100mg","Tablet"
"4077366f-4356-406a-8d33-acf25070c444","CLINGEN 3 VAGINAL SUPP","Clingen 3 Vaginal Suppository",0.759,"Clindamycin + Clotrimazole","100mg + 200mg","Tablet"
"9c0e9f62-9573-48bc-ad90-22fe3bc2eba4","CLOTRI-SOL LOTION","Clotrin-B Lotion",0.765,"Beclometasone + Clotrimazole","0.025% w/v + 1% w/v","Lotion"
"d9e7f94b-f284-40e4-ab4d-18e81b3c03b3","COMBIHALE FB 200 RC","Combihale FB 200 DPI Capsule",0.850,"Formoterol + Budesonide","6mcg + 200mcg","Capsule"
"27e2bea3-6212-4e96-979e-adba9945ef05","DELCON  PLUS TAB","Delcon Plus DS Syrup",0.800,"Chlorpheniramine Maleate + Paracetamol","2mg/5ml + 250mg/5ml","Syrup"
"a0a66c0d-0ab4-470e-b32c-079b42d67088","DETTOL 250ML","Detil 250mg Tablet",0.750,"Cefuroxime","250mg","Tablet"
"fcd39436-a72b-4010-a41f-421f7b1403b1","DIPROBATE PLUS LOTION 50ML","Diprobate Plus Lotion",0.808,"Betamethasone + Zinc Sulfate","0.05% w/v + 0.5% w/v","Lotion"
"dd86019c-3322-424c-9cd5-231e184f344d","DUOLIN 3 RESPULE","Duolin LD Respules",0.833,"Levosalbutamol + Ipratropium","0.63mg + 500mcg","Tablet"
"ac341ea1-5a78-419f-9eeb-251cc9da2617","ESCLO PLUS","Esclav Plus Syrup",0.818,"Amoxycillin + Clavulanic Acid","400mg/5ml + 57mg/5ml","Syrup"
"3a8a2be2-39a9-44d0-a782-e3a1e909ed2f","FLOXITRU EYE DROPS","Floxitis Eye Drop",0.833,"Ofloxacin","0.3% w/v","Drops"
"dfc6065d-716d-4f48-99af-5e4766ad9ad0","FLUCORT CREAM","Flucort-N Cream",0.778,"Fluocinolone acetonide + Neomycin","0.025% w/w + 0.5% w/w","Cream"
"82124768-d890-49c7-be19-87442abe53ca","FLUTICLEAR NASAL SPRAY","Fluticone Nasal Spray",0.818,"Fluticasone Propionate","0.05% w/v","Spray"
"480c14d8-93e2-4d76-8968-ef0c1a95ca20","FORACORT 200 RC","Foracort 200 Rotacap",0.750,"Formoterol + Budesonide","6mcg + 200mcg","Tablet"
"7552dfd1-d4af-403a-bdc3-417114206af5","FORACORT 400 RC","Foracort 400 Rotacap",0.750,"Formoterol + Budesonide","6mcg + 400mcg","Tablet"
"5472fde9-dd7d-4068-a15d-63119e80184e","FULLFORM 200","Fulor 200 Tablet",0.750,"Fluconazole","200mg","Tablet"
"7a8681e7-b648-4594-8f8f-abba61c80f38","GABANUERON NT  400","Gabaneuron NT 400 Tablet",0.882,"Gabapentin + Nortriptyline","400mg + 10mg","Tablet"
"f023e18f-f3a1-4fd0-85b2-69fdcfd9d94c","GEL CANDID V  GEL","Candid-V Gel",0.875,"Clotrimazole","2% w/w","Gel"
"bd77500a-fc60-40f3-b319-71083b73d5c4","GEL OXALGIN NANO GEL","Oxalgin AQ Injection",0.750,"Diclofenac","75mg/ml","Injection"
"b09a0dbb-64ef-46b0-91a7-8f9790b70aa6","GEMER 3","Gemer 4 Tablet",0.857,"Glimepiride + Metformin","4mg + 500mg","Tablet"
"c1bc5bfb-5ef1-45a5-95f1-07c19b9755c9","GLIMISAVE M 0.5","Glimicure M 0.5 Tablet",0.800,"Glimepiride + Metformin","0.5mg + 500mg","Tablet"
"f9cf7d91-03be-4986-96d3-1022571b8ebd","GLIMISAVE M3","Glimisave 3mg Tablet",0.846,"Glimepiride","3mg","Tablet"
"bef719f5-dabb-43fd-ae35-5003a8dac01f","GLIMY M1","Glimy 1 Tablet",0.875,"Glimepiride","1mg","Tablet"
"ea274557-d2c6-4441-a097-62e9d544f734","GLIMY M2","Glimy 2 Tablet",0.875,"Glimepiride","2mg","Tablet"
"9a614b71-3ae4-4f6b-a68e-aeb3cdb8f4d8","GLISIZIDE XR 60","Glicazide XR 60 Tablet",0.867,"Gliclazide","60mg","Tablet"
"9a04017e-55eb-4704-bb20-bd7839a32343","GLYCOMET GP1","Glycoset GP 2 Tablet",0.769,"Glimepiride + Metformin","1mg + 500mg","Tablet"
"a3724e68-ebd1-43db-8d09-2799aaf5015d","HALOBET S OINTMENT 30GM","Halobet S Ointment",0.783,"Halobetasol + Salicylic Acid","0.05% w/w + 3% w/w","Ointment"
"a6a22a61-e8c9-457a-85fb-f105c533fa3e","HH SALIC  6 OINT 10GM","HH Salic 6 Ointment",0.750,"Mometasone + Salicylic Acid","0.10% w/w + 6.50% w/w","Ointment"
"6571dd66-56a6-49d1-8022-410d035f5684","HUMINSULIN 30/70 CARTRIDGE","Huminsulin R 100IU Cartridge",0.786,"Human insulin","100IU","Injection"
"1326371a-3c18-476c-91a1-0b84deec04b0","INJ PANUM IV 40","Panum IV 40mg Injection",0.846,"Pantoprazole","40mg","Injection"
"9d8edfe0-4a31-4423-b7af-ba04c7d0a678","INJ TETANUS TOXOIDE","Tetanus Toxoid TF Injection",0.824,"Tetanus Toxoid","NA","Injection"
"4a271d90-e204-4650-99e9-7d1b064360c6","INJ VOMIVOKE INJECTION","Vomipose Tablet",0.750,"Doxylamine + Vitamin B6 (Pyridoxine)","NA + NA","Injection"
"628a96f8-d0ac-45b7-bd69-743917840a8b","IPRAVENT RESPULES","Iprazest Respules",0.882,"Levosalbutamol + Ipratropium","1.25mg + 500mcg","Tablet"
"c819a1be-a73b-4d86-8f02-6e66e675f788","ITONE EYE DROP","Itocin D Eye Drop",0.765,"Dexamethasone + Tobramycin","0.1% + 0.3%","Tablet"
"223e5fa0-197d-4e51-88b5-475bf0ccacbf","KETASMA 1MG","Ketamax 10mg Injection",0.750,"Ketamine","10mg","Injection"
"520afe42-37c2-4adf-b88b-8603e33f14e4","KETO B CREAM","Keto-B Cream",0.833,"Beclometasone + Ketoconazole","0.025% w/w + 2% w/w","Cream"
"21d6570e-5c50-468b-b431-b3a0c13c0aad","LETROZ 2.5","Letroma 2.5 Tablet",0.818,"Letrozole","2.5mg","Tablet"
"2d5cec48-8a7d-4a72-9b53-6f52108fe668","LEVESAM ORAL SOLUTION 100ML","Levesam Oral Solution",0.778,"Levetiracetam","500mg/5ml","Tablet"
"dbac626d-893a-4cb8-82fd-3a04adc155b2","LIOFEN XL 10 TAB","Liofen XL 10 Capsule",0.750,"Baclofen","10mg","Capsule"
"16e8f90d-95d2-44ca-ad41-7568c7a60cdc","LIQD TUSQ-X+LIQUID","TusQ-DX Liquid",0.857,"Phenylephrine + Chlorpheniramine Maleate","5mg/5ml + 2mg/5ml","Tablet"
"77eebf76-9c15-468d-b426-6c33ef412425","LIQD ZANOCIN 100MG","Zanocin 100 Tablet",0.846,"Ofloxacin","100mg","Tablet"
"38a53786-35f3-4a2f-9204-b35126885600","LIQD ZANOCIN 50MG","Zanocid 20mg Tablet",0.833,"Omeprazole","20mg","Tablet"
"47d1f8e2-80d0-42d5-8e13-5514cd503e37","LIZOFORCE DRY SYP","Lizoforce Dry Syrup",0.765,"Linezolid","100mg/5ml","Syrup"
"5f9bc7ea-656b-4939-b923-358023c87c50","LORICON 2","Loricon 2mg Tablet",0.818,"Lorazepam","2mg","Tablet"
"379bea65-9185-4fef-b666-3ad07189cff4","LOSAR 50 AB","Losarum 50 AM Tablet",0.769,"Losartan + Amlodipine","50mg + 5mg","Tablet"
"c1f76af3-6bf6-467a-b401-8051c2464d3b","LOTION CLODID-B LOTION","Clotrin-B Lotion",0.813,"Beclometasone + Clotrimazole","0.025% w/v + 1% w/v","Lotion"
"11e47ab7-f59b-4b30-9149-1295321398dd","LOTION GLYMED 100ML","Glypod 100mg Tablet",0.750,"Cefpodoxime Proxetil","100mg","Lotion"
"93a9b173-5653-4e9b-80eb-1f6b24fa2c9b","LOTION KETOSTAR ANTI-DANDRUFF 50ML","Ketostar Anti Dandruff Lotion",0.759,"Ketoconazole + Zinc pyrithione","2% w/v + 1% w/v","Lotion"
"0e74f54d-2c88-4650-afeb-66ada1310f7d","LOTION LULIFIN LOTION 30","Lulifin Lotion",0.824,"Luliconazole","1% w/v","Lotion"
"3c1b6111-cc28-4adf-a5ed-9d207c14cdfa","LOTION NOVASOFT 100ML","Novacort 100mg Injection",0.786,"Hydrocortisone","100mg","Injection"
"2f8d9fa8-5cb8-4b16-b657-7670a71407b1","LOTION Topisal 3% Lotion 30ml","Topisal 3% Lotion",0.773,"Clobetasol + Salicylic Acid","0.05% w/w + 3% w/w","Lotion"
"7e3371e3-3438-4b03-8982-f0ca3427f233","LOTION Topisal 6% Lotion.30ml","Topisal 6% Lotion",0.773,"Clobetasol + Salicylic Acid","0.05% w/v + 6% w/v","Lotion"
"7d1ee6ac-dbd4-44c5-b731-2c6659b452e3","LULICLINZ SPRAY 30ML","Luliclinz Spray",0.750,"Luliconazole","1% w/v","Spray"
"bf7adb29-8e3e-47d9-a592-a05bfbfcf11e","MACPOD CV 200 TAB","Macpod CV 200 Tablet",0.765,"Cefpodoxime Proxetil + Clavulanic Acid","200mg + 125mg","Tablet"
"f6a85379-41fc-4bd2-947b-adcc34fc306f","MAHAFLOX EYE OINT 5GM","Mahaflox Eye Ointment",0.810,"Moxifloxacin","0.5% w/w","Ointment"
"4faae064-6994-475d-b0ef-9399eec77703","MAHAFLOX KT EYE DROP 5ML","Mahaflox KT Eye Drop",0.833,"Ketorolac + Moxifloxacin","0.5% w/v + 0.5% w/v","Tablet"
"0597dd89-4337-409e-ae4f-a906fec46172","MAHAFLOX LP EYE DROP 5ML","Mahaflox-LP Eye Drop",0.792,"Loteprednol etabonate + Moxifloxacin","0.5% w/v + 0.5% w/v","Tablet"
"b39ac832-fc58-44be-a1c7-3f2c1bad798a","METOLAR XR 25 MG","Metolar XR 25 Capsule",0.813,"Metoprolol Succinate","23.75mg","Capsule"
"9788b592-dc89-4d92-b464-edc1e51552fe","METROGYL M OINMENT","Metrogyl-M Ointment",0.895,"Mupirocin + Metronidazole","2% w/w + 2% w/w","Ointment"
"85a9b1fa-86f5-4857-b51f-18b278023225","MILFLOX EYE DROP","Milflox DF Eye Drop",0.842,"Moxifloxacin + Difluprednate","0.5% w/v + 0.05% w/v","Tablet"
"981d709d-777d-4104-9cd2-6cde82424948","MINTOP FORTE 5% 60ML","Mintop Forte 5% Foam",0.800,"Minoxidil","5% w/v","Tablet"
"784c1dd5-93ed-453a-b9b9-e1159c80c5a6","MONTEK  LC KID SYP","Montek LC Kid Syrup",0.765,"Levocetirizine + Montelukast","2.5mg/5ml + 4mg/5ml","Syrup"
"324706df-7480-472b-9fe9-6248058948f7","MONTI FX","Montair FX Tablet",0.800,"Montelukast + Fexofenadine","10mg + 120mg","Tablet"
"2b6d7789-a939-4cb9-9531-b98c4f880c92","NOVASTAT CV 20 TAB","Novastat CV 20 Capsule",0.778,"Rosuvastatin + Clopidogrel","20mg + 75mg","Capsule"
"e5f26773-18de-43f3-94de-7ea8c17b74cf","OFLOX E/E DROPS","Oflo Eye Drop",0.800,"Ofloxacin","0.3% w/v","Drops"
"cd31baed-ef59-4d98-bae3-016e97f963b9","OINT DIPSALIC=F=OINTMENT","Dipsalic F Ointment",0.895,"Clobetasol + Salicylic Acid","0.05% w/w + 3% w/w","Ointment"
"55f00ce0-2e55-495a-acc9-cdcbc1f8ee9a","OINT MOMATE S","Momate T Cream",0.875,"Tazarotene + Mometasone","0.1% w/w + 0.1% w/w","Cream"
"3fca9286-b4b2-4b48-b189-c448aadafb09","OINT ZOLE F","Zole N Syrup",0.833,"Metronidazole + Norfloxacin","100mg + 100mg","Syrup"
"b7de420f-866b-4fa9-9e26-e84bbf20cbe4","OINT ZOLE SKIN OINT","Zole Skin Ointment",0.778,"Miconazole","2% w/w","Ointment"
"d16b1f08-3b5c-4509-88ad-78ea0e07c308","OKACET 10MG","Okacet AX 10mg Tablet",0.786,"Cetirizine","10mg","Tablet"
"67a7a10f-4b02-4785-aaac-a25bc7b35c0d","ORAWAYS BUCCAL PASTE","Oraways Oral Paste",0.800,"Triamcinolone","0.1% w/w","Tablet"
"69122738-b470-4604-a254-91c9a0b6ea38","OTOBIOTIC PL EAR DROPS","Otobiotic-Plus Ear Drop",0.826,"Lidocaine + Clotrimazole","2% w/v + 1% w/v","Drops"
"6d31143e-64c1-4902-81fa-ffe47aca6d57","PANDOZ 40","Pantoze 40 Tablet",0.800,"Pantoprazole","40mg","Tablet"
"3de20c94-b45d-4f66-b9f1-9f5709321077","PANX","Pany Tablet",0.750,"Pantoprazole","NA","Tablet"
"e08d1af0-b028-41cd-9418-86b41860858a","PREGALIN SR 75 TAB","Pregalin SR 75 Tablet",0.778,"Pregabalin","75mg","Tablet"
"4ad28708-4d2f-4071-9b2d-412c84a72d57","PROLOMET AM 50","Prolomet XL 50 Tablet",0.857,"Metoprolol Succinate","47.5mg","Tablet"
"b3bc5be7-7dd1-40d4-ae6e-4d2746f5645b","PROPYSALIC NF  LOTION 30ML","Propysalic  NF Lotion",0.800,"Clobetasol + Salicylic Acid","0.05% w/w + 3% w/w","Lotion"
"1f8c68bb-3504-4185-95e9-ee0a38c371cb","PWD CANDIGURD DUSTING POWDER","Candid Gold Dusting Powder",0.846,"Allantoin + Clotrimazole","0.2% w/w + 1% w/w","Tablet"
"8c72e61b-57b6-4036-b090-600646ef31c3","RACIPER PLUS","Racer Plus Tablet",0.833,"Aceclofenac + Paracetamol","100mg + 500mg","Tablet"
"b34e5428-20a4-411e-b0f3-6cdc75f16250","RENERVE P CAP","Renerve P SR Tablet",0.769,"Methylcobalamin + Pregabalin","1500mcg + 75mg","Capsule"
"bc86878e-47a1-461f-afb2-ef1baac96fc0","SINAREST NASAL SPRAY","Sinomet Nasal Spray",0.850,"Xylometazoline + Sorbitol","0.1% w/v + 2% w/v","Drops"
"5af031db-e9fd-4047-bf69-fd3f65ed5f32","SOMPRAZ  IT","Sompraz 40 Tablet",0.800,"Esomeprazole","40mg","Tablet"
"d24e3223-629d-4635-b0bb-158bf9aabb86","SUCRACE O","Sucracure O Syrup",0.818,"Sucralfate + Oxetacaine","1000mg + 20mg","Syrup"
"f007dbb1-7e33-4d95-8d5d-2c8ddf452de0","SUSP CALPOL 250","Calpol 250mg Tablet",0.833,"Paracetamol","250mg","Tablet"
"9974df90-d787-414c-8f89-da3fe691c5d0","SUSP CANDID TV","Candid-V Gel",0.778,"Clotrimazole","2% w/w","Gel"
"a442269a-6867-44ed-88ba-60fb0426c5cd","SUSP MEFTAL P","Mefastal P Syrup",0.800,"Mefenamic Acid + Paracetamol","50mg/5ml + 125mg/5ml","Syrup"
"14a59436-3da5-4724-828b-e1b2485985e2","SUSP MICROCEF 100","Microchem 100 Capsule",0.846,"Progesterone (Natural Micronized)","100mg","Capsule"
"1240dde5-f2ea-43dd-8ac0-cb0b27ccde72","SUSP MICROCEF 50","Microcef 50mg Tablet",0.846,"Cefpodoxime Proxetil","50mg","Tablet"
"63b571c1-9556-438c-b649-b15bfc32b332","SUSP SUCRAFIL O","Sucracid O Syrup",0.800,"Sucralfate + Oxetacaine","1000mg + 20mg","Syrup"
"b7204a44-3cee-400d-9902-c9bd4e5c5269","SUSP TRUCOF 120ML","Trucef 100mg Tablet",0.750,"Cefpodoxime Proxetil","100mg","Tablet"
"75048d1b-8a72-4eaa-9d70-a339ec9ca9e4","SYNDOPA PLUS TAB","Syndopa Plus Tablet",0.750,"Levodopa + Carbidopa","100mg + 25mg","Tablet"
"02b2531d-a7ba-465b-9a1d-98be83e3f2fd","TAB ACECLO MR","Aceclo-MR Tablet",0.889,"Aceclofenac + Paracetamol","100mg + 325mg","Tablet"
"a4b6264b-1ad5-497e-9b35-c716caa03fe1","TAB ACIBAN-20M","Aciban 20 Tablet",0.800,"Pantoprazole","20mg","Tablet"
"98edb756-d9de-44fe-ab64-66a4344a19ca","TAB ACILOC RD","Aciloc RD 20 Tablet",0.750,"Domperidone + Omeprazole","10mg + 20mg","Tablet"
"b98a34c8-09ba-41b2-b452-a7bf926d6c4e","TAB ACITROM 0.5MG","Acitrom 0.5 Tablet",0.846,"Acenocoumarol","0.5mg","Tablet"
"6dd436bb-da8a-4b3f-93a8-d4193be97879","TAB ACIVIR 200","Acivir 200 DT Tablet",0.769,"Acyclovir","200mg","Tablet"
"432dcf80-d259-4560-b500-9340adceb771","TAB ACIZ PLUS","Acip-Plus Tablet",0.778,"Aceclofenac + Paracetamol","100mg + 325mg","Tablet"
"261c9788-f4c8-4cdf-a1d3-b38cfe6a44f7","TAB ACTIFAST","Actofast Syrup",0.875,"Chlorpheniramine Maleate + Dextromethorphan Hydrobromide","1mg + 5mg","Syrup"
"6709f035-9849-4d85-a9d1-b51a74da3f1b","TAB ALLEGRA 120","Allegra 120mg Tablet",0.846,"Fexofenadine","120mg","Tablet"
"e3a20d35-b875-49bd-a037-6c17ba72f956","TAB ALLEGRA 180","Allegra 180mg Tablet",0.846,"Fexofenadine","180mg","Tablet"
"278d85b0-054f-4f2d-b666-88fb996cf11a","TAB ALLEGRA M","Allegra-M Tablet",0.889,"Montelukast + Fexofenadine","10mg + 120mg","Tablet"
"db50b1a8-c4ac-4edb-a40e-c4236c6badb8","TAB AMLODAC 10 MG","Amlodac 10 Tablet",0.769,"Amlodipine","10mg","Tablet"
"3b792e76-7b13-4b72-921a-ddb1bc7cb9c0","TAB AMLODAC 5 MG","Amlodac 5 Tablet",0.750,"Amlodipine","5mg","Tablet"
"339bd076-cb06-4197-aa1a-3b8b58c560a5","TAB AMLOKIND 5 MG","Amlokind 5 Tablet",0.769,"Amlodipine","5mg","Tablet"
"f2a1cba6-c5b4-4663-a8ec-0d6deb048f0f","TAB AMLONG 5 MG","Amlona 5mg Tablet",0.818,"Amlodipine","5mg","Tablet"
"bbf60099-98ea-445e-9a06-81d16635ea11","TAB AMLONG A","Amlong-A Tablet",0.875,"Amlodipine + Atenolol","5mg + 50mg","Tablet"
"5fee2c4b-3208-4a15-8b90-5fc062fe5572","TAB AMLOPIN 5 MG","Amlopen 5mg Tablet",0.833,"Amlodipine","5mg","Tablet"
"8a4f0e94-4b24-4361-a30a-5ee56bec8af2","TAB ASTHALIN 2MG","Asthalin 2 Tablet",0.833,"Salbutamol","2mg","Tablet"
"18d3f9f3-49d0-44ba-905d-69618b217ab7","TAB Atarax 10","Atarax 10mg Tablet",0.818,"Hydroxyzine","10mg","Tablet"
"3ef8f08f-6c59-4763-bd69-dcea7a69dc6c","TAB Atarax 25","Atarax 25mg Tablet",0.818,"Hydroxyzine","25mg","Tablet"
"d8ab02b1-b474-4f53-87c3-f41895885476","TAB ATCHOL 20 MG","Atchol 20 Tablet",0.750,"Atorvastatin","20mg","Tablet"
"96e824e5-2752-4204-9b0f-d147cb2914dc","TAB ATEN 25 MG","Atef 250mg Tablet",0.800,"Terbinafine","250mg","Tablet"
"7751db7e-14e8-4420-8960-122dabe6c6b2","TAB ATORFIT 20 MG","Atorfit 40mg Tablet",0.846,"Atorvastatin","40mg","Tablet"
"68290dd6-b8d8-45b8-be8c-e7ed5e12e62e","TAB ATORLIP 10 MG","Atorlit 10mg Tablet",0.846,"Atorvastatin","10mg","Tablet"
"a26a3c0f-1f99-4c98-afad-8ec1ccd33c00","TAB ATORMAC 10 MG","Atormax 10mg Tablet",0.846,"Atorvastatin","10mg","Tablet"
"9069deb1-a572-45e2-9fb3-582bcb775af5","TAB ATORMAC 20 MG","Atormat 20mg Tablet",0.846,"Atorvastatin","20mg","Tablet"
"8e83b3e1-f018-434d-b1ae-9d0a48b3dbcd","TAB ATORMAC TG 10S","Atormac D 10 Tablet",0.786,"Atorvastatin + Vitamin D3","10mg + 1000IU","Tablet"
"203946b7-9126-41cb-b2c4-786479887281","TAB ATORSAVE 10 MG","Atorlive 10mg Tablet",0.786,"Atorvastatin","10mg","Tablet"
"f43388f3-019e-4777-9a90-45300b54b51f","TAB ATORSAVE 20 MG","Atorsave 20 Tablet",0.786,"Atorvastatin","20mg","Tablet"
"974007d7-76e3-4684-aa7f-36be22eb961b","TAB ATORVA 40 MG","Atorva 80 MD Tablet",0.833,"Atorvastatin","80mg","Tablet"
"bfde778c-c826-4900-9663-d76d0ed5729e","TAB AUGMENTIN 625","Augmentin 375 Tablet",0.846,"Amoxycillin + Clavulanic Acid","250mg + 125mg","Tablet"
"d3b9bdb7-56d9-49b1-a63c-78c264faf1ba","TAB AZIWOK 500MG TAB","Aziwok 500mg Injection",0.750,"Azithromycin","500mg","Injection"
"f5fe3a84-647d-489d-97bd-7b76bf544ce1","TAB BETADINE VAGINAL PESS.","Betadine Vaginal Pessaries",0.808,"Povidone Iodine","200mg","Tablet"
"136d4338-6490-49c1-8f4a-4629da55d0bf","TAB BILASURE M","Bilasure 20 Tablet",0.818,"Bilastine","20mg","Tablet"
"cdd0a07c-f378-4f44-bd48-41a7fa985589","TAB BILAZEST 20MG TAB","Bilazest 20mg Tablet",0.765,"Bilastine","20mg","Tablet"
"65881b7c-c80e-4dc4-ae2b-0651cc3f05d0","TAB BIOPRIDE M1","Biopride 1mg Tablet",0.833,"Glimepiride","1mg","Tablet"
"2f54b3ea-4a31-4e31-947b-81f3945ec453","TAB BIOPRIDE M2","Biopride 1mg Tablet",0.833,"Glimepiride","1mg","Tablet"
"be808f7d-c23c-4ea7-b489-a0d684809aba","TAB BIOTEE FORTE","Biores-Forte Tablet",0.750,"Risperidone + Trihexyphenidyl","4mg + 2mg","Tablet"
"734215c2-22e9-4295-8112-a8895c697229","TAB CALCIGRIP-D3","Calcarim-D3 Tablet",0.750,"Calcium + Vitamin D3","500mg + 250IU","Tablet"
"a727e907-ff63-43d5-bddd-822f0ef7bbbb","TAB CANDID V6","Candid-V Gel",0.778,"Clotrimazole","2% w/w","Gel"
"ae0c36d1-5a99-4ebb-b259-82c84140fd46","TAB CARDIVAS 3.125 MG","Cardivas 3.125 Tablet",0.824,"Carvedilol","3.125mg","Tablet"
"4ce329f7-f58a-4a8b-ac72-578cd423d3c4","TAB CARDIVAS 6.25 MG","Cardivas 6.25 Tablet",0.813,"Carvedilol","6.25mg","Tablet"
"d38bdef6-4d71-42e9-87a6-3d8014cb6d6d","TAB CAVERTA 100 MG","Caverta 100 Tablet",0.786,"Sildenafil","100mg","Tablet"
"600c579e-60a2-40ff-b027-924b828774d5","TAB CEFOLAC 200 MG","Cefolac 400mg Tablet",0.857,"Cefixime","400mg","Tablet"
"7d5ee473-9fd7-4058-9b10-052243d4892c","TAB Cefolac.CV.200mg","Cefolac CV 200 Tablet",0.750,"Cefixime + Clavulanic Acid","200mg + 125mg","Tablet"
"3b0c61ca-43ec-497d-8729-b35a4d880026","TAB CEPODEM 200MG","Cepodem 200 Tablet",0.846,"Cefpodoxime Proxetil","200mg","Tablet"
"e35a318d-087e-49c3-a500-06060f3558a9","TAB CILACAR  10 MG","Cilacar 10 Tablet",0.769,"Cilnidipine","10mg","Tablet"
"3beb2e59-8f89-431a-86c6-b4dff22ecb29","TAB CILACAR  5 MG","Cilacar 5 Tablet",0.750,"Cilnidipine","5mg","Tablet"
"419b2ee3-c762-41a4-87fd-9692fbf1afea","TAB CILAGARD  T","Cilacar T Tablet",0.800,"Cilnidipine + Telmisartan","10mg + 40mg","Tablet"
"0b50a7e8-24bf-4799-912b-16c0e90d5e09","TAB CILAHEART  10 MG","Cilaheart 10 Tablet",0.800,"Cilnidipine","10mg","Tablet"
"b1c561c5-0174-403c-878d-5f12df32adab","TAB CILAHEART  20 MG","Cilaheart 20 Tablet",0.800,"Cilnidipine","20mg","Tablet"
"1a1c4514-4d91-4f33-940d-45fc0371fe61","TAB CILAHEART  5 MG","Cilaheart 5 Tablet",0.786,"Cilnidipine","5mg","Tablet"
"19122899-bdfc-49fd-ae53-5ea8b0061082","TAB CILAPRESS 10","Cilapress 10mg Tablet",0.857,"Cilnidipine","10mg","Tablet"
"6ae28d24-b8e5-49a0-8447-7cafb8112992","TAB CILAPRESS T","Cilapress 5mg Tablet",0.769,"Cilnidipine","5mg","Tablet"
"26a1d84a-c597-41be-9d70-6045fa69ce6d","TAB CINOD  5 MG","Cinol 5mg Tablet",0.800,"Olanzapine","5mg","Tablet"
"8c9fc11d-a21e-4e3c-8894-6b6c59f50ead","TAB CINOD T","Cinod-T Tablet",0.857,"Cilnidipine + Telmisartan","10mg + 40mg","Tablet"
"0da4f388-6269-4f89-aa20-32cfb0678d5c","TAB CIPCAL 500","Cipral 500mg Tablet",0.750,"Ciprofloxacin","500mg","Tablet"
"e159951b-6931-424e-a45b-d2cfb41df415","TAB CLARIBID=500MG","Claribid 500 Tablet",0.786,"Clarithromycin","500mg","Tablet"
"e77bc86d-3aff-40b3-bd29-d7d4e00f3bb1","TAB CLINGEN VAGINAL SUPPOSITORIES","Clingen Vaginal Suppository",0.897,"Clindamycin + Clotrimazole","100mg + 100mg","Tablet"
"bee6ca30-eb03-44d5-adb8-6e85b565c7f5","TAB CLOPILET=150MG","Clopilet 150 Tablet",0.786,"Clopidogrel","150mg","Tablet"
"d9bd52d6-09e7-4396-a365-dd2bf4b522d5","TAB CLOPILET 75 MG","Clopizen 75mg Tablet",0.786,"Clopidogrel","75mg","Tablet"
"17fec813-9904-431a-a2e3-3270015099bf","TAB CLOPIVAS 75 MG","Clopivas 75 Tablet",0.786,"Clopidogrel","75mg","Tablet"
"d158246e-2334-45f0-9af5-a81b3457d669","TAB CONCOR 2.5","Concor 5 Tablet",0.800,"Bisoprolol","5mg","Tablet"
"09a07f29-2ddb-4c36-9599-60ce9fb573b1","TAB CORBIS 2.5 MG","Corbis 2.5 Tablet",0.769,"Bisoprolol","2.5mg","Tablet"
"c4419338-79c6-415e-82f0-dbc557198b2f","TAB COVANCE 25 MG","Covance 25 Tablet",0.769,"Losartan","25mg","Tablet"
"131498c8-16d8-4667-805c-76e2744c80f7","TAB COVANCE 50 MG","Covancin 500mg Injection",0.786,"Vancomycin","500mg","Injection"
"a0cdfb2e-ee00-4363-8e07-1b8dd93b9e49","TAB CREVAST  5 MG","Crevast 5 Tablet",0.750,"Rosuvastatin","5mg","Tablet"
"2edba9eb-9ac2-4a81-a4c5-86dbd2af79c9","TAB CREVAST GOLD 10  15'S","Crevast Gold 10 Capsule",0.750,"Aspirin + Rosuvastatin","75mg + 10mg","Capsule"
"ec6b5937-1d3d-4bd8-a5ba-33f1d4d4bf10","TAB CYCLENORM P TABS","Cyclenorm P 5mg Tablet",0.750,"Norethisterone","5mg","Tablet"
"76e1dd37-cd2b-4c84-9ee6-5a650a146987","TAB CYSTONE","Cystopen Capsule",0.750,"Pentosan polysulfate sodium","100mg","Capsule"
"c220453a-4150-4462-a15f-1e2d94733f0e","TAB Daflon 500","Daflon 500 MG Tablet",0.769,"Diosmin + Hesperidin","450mg + 50mg","Tablet"
"6a4b246c-5851-4384-99d7-df95b207ac93","TAB DEFZACT 6","Deflact 6 Tablet",0.889,"Deflazacort","6mg","Tablet"
"40bea88d-ae27-414f-ba98-5f653a1571c6","TAB DENFAST 200","Denfast 200mg Tablet",0.846,"Ketoconazole","200mg","Tablet"
"20bbb692-200d-4854-b2a0-b1d6090d4b98","TAB DERIPHYLLIN RETD 150 TAB","Deriphyllin Retard 150  Tablet PR",0.750,"Etofylline + Theophylline","115mg + 35mg","Tablet"
"81ff1c22-7663-4cf8-8531-5676b2f3395a","TAB DILZEM 30 MG","Dilzex 30mg Tablet",0.833,"Diltiazem","30mg","Tablet"
"9d1065d0-7337-4240-a7a7-bbad8ae8a11e","TAB Dolonex DT 20","Dolonex DT 20mg Tablet",0.867,"Piroxicam","20mg","Tablet"
"c482bdd6-11a0-412b-b275-896e6a1398e4","TAB DOMSTAL","Domstal O Capsule",0.778,"Domperidone + Omeprazole","10mg + 10mg","Capsule"
"cfa1a5ad-8604-4114-bf54-b417a6b849e8","TAB DOXOLIN","Doxyfolin Tablet",0.778,"Doxylamine + Vitamin B6 (Pyridoxine)","10mg + 10mg","Tablet"
"4d2c850a-fe00-4401-83f3-30b600968e4d","TAB DULOTAB-20","Dulotab 20mg Tablet",0.750,"Duloxetine","20mg","Tablet"
"d709ed5e-b302-4f59-9335-f05821d6d09a","TAB DUZELA 20","Duzes 20 Tablet",0.778,"Duloxetine","20mg","Tablet"
"eba9be18-4de0-482c-9864-06e0ec85437d","TAB DUZELA 30","Duzes 30 Tablet",0.778,"Duloxetine","30mg","Tablet"
"bc12c644-71de-48a0-bf56-ef08cdac81bb","TAB DYNAGLIPT L","Dynaglipt Tablet",0.818,"Teneligliptin","20mg","Tablet"
"9be86ed4-d4ad-4b32-b5ea-3c0f0a9e0b4d","TAB DYNAGLIPT M","Dynaglipt Tablet",0.818,"Teneligliptin","20mg","Tablet"
"2aefead9-5663-4a4a-a914-c4625b676f3f","TAB EBAST M","Ebast-M Tablet",0.857,"Ebastine + Montelukast","10mg + 10mg","Tablet"
"16341092-9f63-425d-a91a-1888effc3283","TAB ECOSPIRIN 150 Mg","Ecosprin 150 Tablet",0.750,"Aspirin","150mg","Tablet"
"67a110f9-3b92-428d-8e28-90a236a432bf","TAB ECOSPRIN 150 MG","Ecosprin 150 Tablet",0.800,"Aspirin","150mg","Tablet"
"5978d961-aa9c-45e9-9961-8a9d80e3f902","TAB ECOSPRIN 325 MG","Ecosprin 325 Tablet",0.800,"Aspirin","325mg","Tablet"
"d332a7b3-c507-44c6-97f3-475a0cd7e33d","TAB ECOSPRIN GOLD 10MG","Ecosprin Gold  10 Capsule",0.889,"Aspirin + Atorvastatin","75mg + 10mg","Capsule"
"56beaecc-2cf2-4efc-ae23-3484be07ba04","TAB ECOSPRIN GOLD 20MG","Ecosprin Gold  20 Capsule",0.889,"Aspirin + Atorvastatin","75mg + 20mg","Capsule"
"70249d4e-1dc1-46fd-bfe7-4a7a9aae947d","TAB EDSAVE 5","Edsave 5mg Tablet",0.800,"Tadalafil","5mg","Tablet"
"752f75ba-b54d-48c8-be9f-44ce3f629434","TAB ELTROXIN 50 MG","Eltroxin 50mcg Tablet",0.857,"Thyroxine","50mcg","Tablet"
"096d6f45-4b49-4690-8d95-2f39294952f2","TAB ELTROXIN 75","Eltroxin 75mcg Tablet",0.786,"Thyroxine","75mcg","Tablet"
"18bc9761-1b6f-421d-b1ff-97dfb3701e7a","TAB EMBET 25","Embeta 25 Tablet",0.889,"Metoprolol Tartrate","25mg","Tablet"
"758afe6f-4229-4dc1-a711-673eb2313492","TAB ENVAS-H","Envas H Tablet",0.857,"Enalapril + Hydrochlorothiazide","5mg + 12.5mg","Tablet"
"5c64825d-43d9-435b-95dc-8cc4ec60e38c","TAB ENZOHEAL D","Enzoheal Tablet",0.800,"Bromelain + Trypsin","90mg + 48mg","Tablet"
"3cd71ca7-874d-4966-b1cb-09cadb597f1c","TAB EPILEX CHRONO 200","Epima Chrono 200 Tablet",0.824,"Sodium Valproate + Valproic Acid","133.5mg + 58mg","Tablet"
"ec65e8a4-08f4-4d40-96fc-f34b23d713a1","TAB EPILEX CHRONO 300","Epirate Chrono 300 Tablet",0.778,"Sodium Valproate + Valproic Acid","200mg + 87mg","Tablet"
"9e37a563-b965-43fc-a145-3a894b6d3e2d","TAB ERITEL=20","Eritel 20 Tablet",0.889,"Telmisartan","20mg","Tablet"
"a94ee3fb-d09a-4507-bea5-89c3d1828659","TAB ERITEL 20 MG","Eritel 20 Tablet",0.750,"Telmisartan","20mg","Tablet"
"4c7e9613-e30a-4497-a57b-c1bdf99588ea","TAB ERITEL=40","Eritel 40 Tablet",0.889,"Telmisartan","40mg","Tablet"
"19265944-dbad-430a-9ca1-e1ee6054f81e","TAB ERITEL 40 MG","Eritel 40 Tablet",0.750,"Telmisartan","40mg","Tablet"
"d69020c2-4016-49d9-af64-a60525656bf3","TAB ERITEL=AM","Eritel-AM Tablet",0.889,"Telmisartan + Amlodipine","40mg + 5mg","Tablet"
"96244d05-ba36-4ba9-a492-93dcb0b6aec4","TAB ERITEL LN 40 MG","Eritel LN 40 Tablet",0.800,"Cilnidipine + Telmisartan","10mg + 40mg","Tablet"
"422a717f-bdfb-46fe-960e-b1d1e58c1aae","TAB ETIZOLA PLUS 10MG","Etizola Plus 10 Tablet",0.882,"Etizolam + Escitalopram Oxalate","0.5mg + 10mg","Tablet"
"edc9deb0-b420-4916-b220-bfa9b531896c","TAB ETIZOLA PLUS 5MG","Etizola Plus 5 Tablet",0.875,"Etizolam + Escitalopram Oxalate","0.5mg + 5mg","Tablet"
"6c253340-9bcc-40df-b579-ad6e1fd72d28","TAB ETOSAID 60MG","Etosaid 60 Tablet",0.833,"Etoricoxib","60mg","Tablet"
"879108c8-2752-4bb3-bb8e-bab19df9c703","TAB EUGLIM M1","Euglim 1 Tablet",0.889,"Glimepiride","1mg","Tablet"
"5bf29ee4-f4a3-4e3a-af5a-fa0ff549825c","TAB EUGLIM M2","Euglim 2 Tablet",0.889,"Glimepiride","2mg","Tablet"
"ba3f5fbe-0fc7-45a2-99f9-5d2b15dea9c1","TAB EVION-LC","Evion LC Tablet",0.875,"Levo-carnitine + Vitamin E","150mg + 200mg","Tablet"
"084d3e3f-d6ee-4789-b0f7-7f3483a0d58d","TAB FEBUTAZ 40 MG","Febutac 40mg Tablet",0.846,"Febuxostat","40mg","Tablet"
"22ca85cf-bfa4-4653-8d0c-8e6bdaba6784","TAB FEPANIL 500","Fepanil 650 Tablet",0.818,"Paracetamol","650mg","Tablet"
"e5855e91-6541-4e4e-a72c-9c4d98c1f46c","TAB FLUDAC-10MG","Fludac 40mg Capsule",0.818,"Fluoxetine","40mg","Capsule"
"2cf6812a-de60-4735-8067-ceca23b87f71","TAB FOLIFER XT","Folifer 5 Injection",0.800,"Iron Sucrose","5mg","Injection"
"fb1ab5bd-f421-4184-a135-4bd4e63768ba","TAB FOLINEXT TABLETS","Folidex Tablet",0.750,"Doxylamine + Vitamin B6 (Pyridoxine)","10mg + 10mg","Tablet"
"34d42d51-96c4-44d4-a0c7-b98e11dddab9","TAB GEMER 1","Gemer 4 Tablet",0.857,"Glimepiride + Metformin","4mg + 500mg","Tablet"
"4f94c544-f564-483a-9233-ef3d13c92f20","TAB GEMER 2","Gemer V2 Tablet",0.875,"Glimepiride + Metformin","2mg + 500mg","Tablet"
"3142a13a-7980-42c9-9f82-306ba9e0f282","TAB GLIMESTAR 2MG","Glimestar 2 Tablet",0.846,"Glimepiride","2mg","Tablet"
"4012a6e7-187e-42c9-9ccf-6613a4cd27f5","TAB GLIMISAVE=M2","Glimisave 2 Tablet",0.833,"Glimepiride","2mg","Tablet"
"f5c5456b-1688-4384-ae78-300768bd107d","TAB GLIMULIN MF","Glimulin 1 Tablet",0.818,"Glimepiride","1mg","Tablet"
"9b8a118b-92de-4d4b-8fea-a6351f908e78","TAB GLIMULIN MV2","Glimulin 2 Tablet",0.833,"Glimepiride","2mg","Tablet"
"2e808269-ac83-4ddb-858e-9e620e3634a4","TAB GLIMY-1","Glimy 1 Tablet",0.857,"Glimepiride","1mg","Tablet"
"3e56d860-f6e7-4325-b6e0-1e85905d1564","TAB GLIMY 1 MG","Glimmy 1mg Tablet",0.800,"Glimepiride","1mg","Tablet"
"ada7f37a-143d-4489-b475-373559ef591d","TAB GLIMY-2","Glimy 2 Tablet",0.857,"Glimepiride","2mg","Tablet"
"ef51712f-ada6-47c1-b7d2-6a15766fd1a7","TAB GLIMY 2 MG","Glime 2mg Tablet",0.800,"Glimepiride","2mg","Tablet"
"18cad7d6-787a-4db6-a5c4-79325a8c29cc","TAB GLIMY-M1","Glimify-M1 Tablet",0.800,"Glimepiride + Metformin","1mg + 500mg","Tablet"
"027c5a9f-2764-48cd-9b17-4d1fa2cc8596","TAB GLIMY=M2=FORTE TABLETS","Glimify-M2 Forte Tablet",0.750,"Glimepiride + Metformin","2mg + 1000mg","Tablet"
"12175b84-0979-4b37-b70a-88caab91b98f","TAB GLIMY MV 1","Glimify-MV 1 Tablet",0.750,"Glimepiride + Metformin","1mg + 500mg","Tablet"
"20bcfbaa-c134-4b12-8cdc-e912c4836377","TAB GLIMY MV2","Glimy 2 Tablet",0.778,"Glimepiride","2mg","Tablet"
"63c38e4f-41e4-4c7e-8b38-96caf4182c08","TAB GLUCOBAY 25 MG","Glucobay 25 Tablet",0.786,"Acarbose","25mg","Tablet"
"db07018b-b829-459f-907b-4ca52f879554","TAB GLUCOBAY 50 MG","Glucobay 50 Tablet",0.786,"Acarbose","50mg","Tablet"
"5471bbfb-2d62-480b-976c-35e84e51f958","TAB GLUFORMIN XL500","Gluformin 500 Tablet",0.867,"Metformin","500mg","Tablet"
"e55204fe-ecec-4928-ac9f-50c777fe592d","TAB GLYCIPHAGE 500 MG","Glyciphage SR 500mg Tablet",0.789,"Metformin","500mg","Tablet"
"b3d5a846-64ae-4710-829b-e66a32d1e43c","TAB GLYCIPHAGE 850 MG","Glyciphage 850 Tablet",0.824,"Metformin","850mg","Tablet"
"1b3cafe4-b6dd-4b12-9990-a84d36d76d9e","TAB GLYCOMET 250 MG","Glycomet 250 Tablet",0.800,"Metformin","250mg","Tablet"
"1cb6dd36-55e0-4c87-bbc7-cfd0e552c199","TAB GLYCOMET 500 MG","Glycomet 500 SR Tablet",0.867,"Metformin","500mg","Tablet"
"f1ef96e5-580e-4c78-9987-610e8e2c6ffa","TAB GLYCOMET 500 MG SR","Glycomet 500 SR Tablet",0.833,"Metformin","500mg","Tablet"
"7fb4b3fd-8981-466a-970f-79cef1981f0b","TAB GLYCOMET 850 MG","Glycomet 850 SR Tablet",0.867,"Metformin","850mg","Tablet"
"c643d70a-9c1e-4d57-8c3f-b698ee2aff7d","TAB GLYCOMET GP2","Glycoset GP 2 Tablet",0.846,"Glimepiride + Metformin","1mg + 500mg","Tablet"
"194c77d6-0115-4f25-9210-a144e6d6e0c9","TAB GLYCOMET GP2 FORTE","Glycomet-GP 3 Forte  Tablet",0.842,"Glimepiride + Metformin","3mg + 1000mg","Tablet"
"82269f4f-cdc5-49fb-86ca-facc5c26e8ab","TAB GTN SORBITRATE  CR 6.4MG","GTN Sorbitrate -CR 6.4 Tablet",0.870,"Nitroglycerin","6.4mg","Tablet"
"c6ac6cee-926e-411e-b1dd-171645687a97","TAB ISRYL M1","Isryl 1 Tablet",0.875,"Glimepiride","1mg","Tablet"
"f598003e-5407-40a9-90b3-11e70bee478e","TAB ISRYL -M2","Isryl 2 Tablet",0.778,"Glimepiride","2mg","Tablet"
"82198002-50b9-4d50-b951-68786bbefe34","TAB JALRA M 50/500 MG","Jalra-M  50mg/500mg Tablet",0.778,"Metformin + Vildagliptin","500mg + 50mg","Tablet"
"6831fe82-03ee-45fe-be29-fbbf35f4bf87","TAB JOINTACE","Jointable Tablet",0.778,"Glucosamine + Diacerein","750mg + 50mg","Tablet"
"28149fbd-1a66-4bf6-a9f8-f22dc0ec82e4","TAB KORANDIL 5 MG","Korandil 5 Tablet",0.769,"Nicorandil","5mg","Tablet"
"32bcb2bb-c7ce-48cd-88c4-d9fd11919ec8","TAB LECOPE  M","Lecope-M Tablet",0.875,"Levocetirizine + Montelukast","5mg + 10mg","Tablet"
"58b17009-eedb-40c0-8011-14d9b649a6c9","TAB LEVEDOZ 500","Leveron 500 Tablet",0.818,"Levetiracetam","500mg","Tablet"
"53bcd9ed-1082-45d8-a418-e21804bdf1b5","TAB LEVOSIZ M","Levosiz-M Tablet",0.889,"Levocetirizine + Montelukast","5mg + 10mg","Tablet"
"e6a0f579-7f70-4be8-a7ae-061cd4d7ba4d","TAB LIBRAX","Libratex Tablet",0.750,"Chlordiazepoxide + Clidinium","5mg + 2.5mg","Tablet"
"ed7852f8-52b0-4172-8c29-eb3f66e547fa","TAB LIPIKIND 10MG","Lipikind 10 Tablet",0.846,"Atorvastatin","10mg","Tablet"
"33c9962f-269c-4e7a-a451-6c6f2c476536","TAB LIPIKIND 20 MG","Lipikind 20 Tablet",0.786,"Atorvastatin","20mg","Tablet"
"286f6a18-74ca-4e57-a844-f0068299a7bc","TAB LISTRIL 5 MG","Listril 5 Tablet",0.750,"Lisinopril","5mg","Tablet"
"90d760e5-7c25-4dcf-bd53-3ee1c6cf6b3c","TAB LIVIGRAIN EC","Livigrain Tablet",0.750,"Caffeine + Ergotamine","100mg + 1mg","Tablet"
"ddcfb5d2-75e3-4a2c-84cd-244bad917b32","TAB LOSACAR 50 MG","Losacar 50 Tablet",0.769,"Losartan","50mg","Tablet"
"91023215-8d37-4d4e-aefd-432f36ec16b8","TAB LOSAR 25 MG","Losan 25mg Tablet",0.818,"Losartan","25mg","Tablet"
"1e6f0483-37b0-4aaf-b280-c60300620755","TAB LOSIUM H","Losium-H Tablet",0.875,"Losartan + Hydrochlorothiazide","50mg + 12.5mg","Tablet"
"4276470b-bf53-46a4-8915-aa0fe991d4e2","TAB LOSTAT 50 MG","Lostan 50mg Tablet",0.833,"Losartan","50mg","Tablet"
"cd94c6be-e005-4e73-9e33-0fec004c469b","TAB LYSER AP","Lyser DP Tablet",0.875,"Diclofenac + Paracetamol","50mg + 325mg","Tablet"
"72976bde-2bae-483c-9973-5972ecbc1606","TAB MACSART 20 MG","Macsart 80mg Tablet",0.846,"Telmisartan","80mg","Tablet"
"5f8dbda3-b7a9-4fb1-ad3b-537a9cc62f1d","TAB MACSART 40 MG","Macsart 80mg Tablet",0.846,"Telmisartan","80mg","Tablet"
"6ce687b3-de97-4509-846e-6e39eb64b2a6","TAB MEFACID SPAS","Mefac Spas Tablet",0.833,"Dicyclomine + Mefenamic Acid","10mg + 250mg","Tablet"
"3260527d-7d5e-4cd9-9e85-2c34545c2a3b","TAB MEFTAL P","Mefastal P Syrup",0.800,"Mefenamic Acid + Paracetamol","50mg/5ml + 125mg/5ml","Syrup"
"f7006d88-d175-4aef-85ac-cf5e0bee1603","TAB MEFTAL-SPAS TABS","Meftal-Spas DS Tablet",0.813,"Dicyclomine + Mefenamic Acid","20mg + 500mg","Tablet"
"17af33b5-c0d0-4bf5-8931-cb5fea03914c","TAB MELOSET 10MG","Melit 10mg Tablet",0.750,"Melitracen","10mg","Tablet"
"30f2a28b-d702-4738-8058-7af8ef03ee65","TAB MESACOL OD","Mesalo OD Tablet",0.800,"Mesalazine","1200mg","Tablet"
"9b15fd16-6025-4bd6-88f0-1a6d4f234f0d","TAB METOLAR 25 MG","Metolav 25mg Tablet",0.846,"Metoprolol Succinate","25mg","Tablet"
"5f09e945-54cd-4586-acd3-98c1c9ae2843","TAB METOLAR 50 MG","Metolav 50mg Tablet",0.846,"Metoprolol Succinate","50mg","Tablet"
"d86f255d-157f-4bdf-93e2-90085db4c0fb","TAB METOLAR XR 50 MG","Metolar XR 50 Capsule",0.813,"Metoprolol Succinate","47.5mg","Capsule"
"942dd8d2-5ffa-4e9c-af4d-be906cad4e75","TAB METZOK 12.5MG","Metslow 12.5mg Tablet",0.786,"Metoprolol Succinate","12.5mg","Tablet"
"ad995d44-5015-4640-b91e-b9364e9dd3a4","TAB METZOK 25 MG","Metpor 25mg Tablet",0.750,"Metoprolol Succinate","25mg","Tablet"
"e4adf6d9-b9b4-4a80-8949-06e75bf61b74","TAB METZOK 50 MG","Metros 500mg Tablet",0.750,"Metformin","500mg","Tablet"
"b5d03648-1467-4f97-81d4-3314a60df5e0","TAB MIGON 10","Migrof 10 Capsule",0.778,"Propranolol + Flunarizine","40mg + 10mg","Capsule"
"1bbd4bb2-9581-4cff-b734-ac653252d917","TAB MILIXIM O","Milixim-O Tablet",0.889,"Cefixime + Ofloxacin","200mg + 200mg","Tablet"
"f7b95bde-13d1-49f0-995e-d8c42c2936be","TAB MONTEK-LC","Montek LC Tablet",0.889,"Levocetirizine + Montelukast","5mg + 10mg","Tablet"
"fcea1135-4dfc-4d91-a6c5-055489c59c06","TAB MONTIFLAM LC","Montila LC Tablet",0.833,"Levocetirizine + Montelukast","5mg + 10mg","Tablet"
"2c051127-c017-43cb-8e64-e575985f5258","TAB MOX KID 250MG TAB","Mox Kid 250mg Tablet",0.765,"Amoxycillin","250mg","Tablet"
"1e0d6b60-2a5b-4e69-b744-d9b7d5541066","TAB MUCINAC 600","Mucinac 20% Injection",0.818,"Acetylcysteine","20% w/v","Injection"
"7e3b2a08-d7f7-4802-b3cd-7b23bdc32ce2","TAB MUCOLITE TAB","Mucolite SR Capsule",0.750,"Ambroxol","75mg","Capsule"
"7d559bd0-17ae-45d1-886b-133eb76fb0cc","TAB MYOSPAZ FORTE TAB","Myospaz Forte Tablet",0.765,"Chlorzoxazone + Diclofenac","500mg + 50mg","Tablet"
"11a53765-5f16-48fa-a591-45db0602921e","TAB NAZA 0.5","Naza 0.5mg Tablet",0.800,"Clonazepam","0.5mg","Tablet"
"2d1dc9b3-a10a-4b4d-993d-a958a728a0e6","TAB NEBI AM","Nebi-AM Tablet",0.857,"Nebivolol + Amlodipine","5mg + 5mg","Tablet"
"531e71bf-9e40-49bd-a3db-33d6ed9fc994","TAB NEBI H","Nebi 5 Tablet",0.833,"Nebivolol","5mg","Tablet"
"562524a8-d367-49b6-bee3-9af45718578d","TAB NEBILONG 5 MG","Nebilol 5mg Tablet",0.769,"Nebivolol","5mg","Tablet"
"67054775-02b1-41ff-9e2e-06869710e61f","TAB NEBISTAR 2.5 MG","Nebistar 2.5 Tablet",0.800,"Nebivolol","2.5mg","Tablet"
"acf471e6-4aaa-4bfe-a128-d1e2c02b3422","TAB NEBISTAR 5 MG","Nebistar 5 Tablet",0.769,"Nebivolol","5mg","Tablet"
"00811499-7db1-4ed8-8ffc-9817956e11b2","TAB NEUROBION FORT","Neurobion RF Forte Injection",0.778,"Methylcobalamin + Vitamin B6 (Pyridoxine)","1000mcg + 100mg","Injection"
"6a11e005-37d8-4a84-be40-6d143fb3f03d","TAB NEUROBION PLUS","Neurotin Plus Tablet",0.857,"Gabapentin + Methylcobalamin","300mg + 500mcg","Tablet"
"051fc651-a3d3-4b9b-8aec-190decb0e7e3","TAB NEWTEL 20 MG","Newtel 20 Tablet",0.750,"Telmisartan","20mg","Tablet"
"cc1d8934-6cdd-4e9f-8472-59fd16390249","TAB NEWTEL 40 MG","Newtel 40 Tablet",0.750,"Telmisartan","40mg","Tablet"
"00c0d11d-6698-4e4f-ba96-4142efb7b7f9","TAB NEXOVAS 10 MG","Nexovas 10 Tablet",0.769,"Cilnidipine","10mg","Tablet"
"4b4e7875-d2ac-4dbb-96b8-d9405d4a48f8","TAB NEXOVAS  20 MG","Nexovas 20 Tablet",0.769,"Cilnidipine","20mg","Tablet"
"5bd8ed71-769a-45d3-8839-3aae110e8752","TAB NEXOVAS  5 MG","Nexovas 5 Tablet",0.750,"Cilnidipine","5mg","Tablet"
"25b4163a-cb79-45b1-8497-25b0b8e3cdf5","TAB NEXOVAS-O","Nexovas O Tablet",0.889,"Olmesartan Medoxomil + Cilnidipine","20mg + 10mg","Tablet"
"e24c992d-a758-4285-b69a-70613fa945df","TAB NEXPRO RD 20","Nexpro 20 Tablet",0.750,"Esomeprazole","20mg","Tablet"
"bd420e15-449d-4820-8ce1-c25241c52be3","TAB NEXPRO RD 40","Nexpro 40 Tablet",0.750,"Esomeprazole","40mg","Tablet"
"3817ed34-6e58-4c90-a18f-da54aa50a731","TAB NICARDIA R 20","Nicardia XL 30 Tablet",0.786,"Nifedipine","30mg","Tablet"
"ec1fec54-96a5-431c-917c-32c992b3edc8","TAB NIFTAS 100","Niftas 50 Tablet",0.800,"Nitrofurantoin","50mg","Tablet"
"7b0a02d9-1c03-4f7d-9946-307cf5973b4d","TAB NIKORAN 5 MG","Nikoran 2mg Injection",0.833,"Nicorandil","2mg","Injection"
"b3771c38-556a-4d8b-b7e5-4cfdffd85d4f","TAB NOOTROPIL 800MG TABS","Nootropil 800mg Tablet",0.750,"Piracetam","800mg","Tablet"
"98e74556-1bb0-42d8-b29b-9b61af4e1ba5","TAB NOVASTAT  20 MG","Novastat 20 Tablet",0.786,"Rosuvastatin","20mg","Tablet"
"be8464fe-3a41-4daf-8817-463430e4e9c6","TAB NUFORCE MOUTH PAINT.15ML","Nuforce Mouth Paint",0.792,"Clotrimazole","1% w/v","Tablet"
"4c1a94d3-dc7f-47df-8d92-68ea5fa84d7d","TAB Oflomac OZ 10s","Oflomac OD   100mg Tablet",0.750,"Ofloxacin","100mg","Tablet"
"10506a62-5c6b-4998-8f48-ea1144e408de","TAB OLIZA 7.5","Oliza 2.5 Tablet",0.889,"Olanzapine","2.5mg","Tablet"
"03acddea-481c-4e48-83c9-e9acd17d05d3","TAB OLMEZEST  10 MG","Olmezest 10 Tablet",0.786,"Olmesartan Medoxomil","10mg","Tablet"
"188c648a-2f97-412c-961d-441a4601e80f","TAB OLMEZEST  20 MG","Olmezest 20 Tablet",0.786,"Olmesartan Medoxomil","20mg","Tablet"
"7371e0de-833c-4da1-a1f6-aa6fea72d249","TAB OMNACORTIL 10","Omnacortil 0.1% Cream",0.800,"Methylprednisolone","0.1% w/w","Cream"
"63a44bf6-ee59-4c06-b8ae-80c2220a8b10","TAB ORNI O","Orni-O Tablet",0.833,"Ofloxacin + Ornidazole","200mg + 500mg","Tablet"
"69537780-75a7-4ef8-8ded-86b2745eb09c","TAB ORVAS 20 MG","Orva 20mg Tablet",0.818,"Atorvastatin","20mg","Tablet"
"02bbb681-4152-4ee1-ade2-851a030a7fd7","TAB ORVAS EZ","Orvas-EZ Tablet",0.875,"Atorvastatin + Ezetimibe","10mg + 10mg","Tablet"
"5d37d6cc-dece-47fa-8b44-9c07ff9de844","TAB PANTAKIND 40 MG","Pantakind 20mg Tablet",0.867,"Pantoprazole","20mg","Tablet"
"30d98e2d-84bb-4267-9694-1d3b4a61fde8","TAB PANTOCID 20 MG","Pantocid 20 Tablet",0.786,"Pantoprazole","20mg","Tablet"
"eb8fe1ec-fa1a-4203-854e-7d071776e015","TAB PANTOCID 40 MG","Pantocad 40mg Tablet",0.857,"Pantoprazole","40mg","Tablet"
"188f6e7d-cc48-4b3e-b5bd-a4904ac0caf8","TAB PANTOP 20MG","Pantopal 20mg Tablet",0.846,"Pantoprazole","20mg","Tablet"
"e7692586-8e21-4078-9096-9bb4a5fd0b57","TAB PANTOP 40 MG","Panto 40mg Tablet",0.833,"Pantoprazole","40mg","Tablet"
"d4516d9b-b7c3-410c-88f7-fb84a0e16474","TAB PBREN NT","Pbren 50 Capsule",0.750,"Pregabalin","50mg","Capsule"
"aa269b36-be99-437e-85f0-e14323e8da94","TAB PENTOSYS","Pentosec Tablet",0.750,"Pantoprazole","40mg","Tablet"
"a682dac2-7edd-4fd4-b279-4d16270232e8","TAB PENTOSYS DSR","Pentoshil DSR Capsule",0.769,"Domperidone + Pantoprazole","30mg + 40mg","Capsule"
"c091d800-001d-4e2f-a3ea-569dccbfc42d","TAB PIOSYS 15 MG","Piosys 15 Tablet",0.750,"Pioglitazone","15mg","Tablet"
"d10385d2-04f1-49b0-b96f-041f02af5fc8","TAB PIOSYS 30 MG","Piosys 30 Tablet",0.750,"Pioglitazone","30mg","Tablet"
"a247fb0e-287b-40b2-b62d-cc3b11bb3069","TAB PIOZ 30 MG","Pio 30mg Tablet",0.800,"Pioglitazone","30mg","Tablet"
"a942f490-b667-40b7-8ee3-d3eadd138471","TAB PIOZ 7.5mg","Piozar 7.5mg Tablet",0.833,"Pioglitazone","7.5mg","Tablet"
"06999866-4586-405e-8554-5c25d32e6592","TAB PRAZOPRESS-XL 5 MG","Prazopress XL 5 Tablet",0.778,"Prazosin","5mg","Tablet"
"c8dfc218-dbb9-44f2-aac1-c8532bdea7cf","TAB PREGABA-D 75/20","Pregaba-D 50/20",0.867,"Pregabalin + Duloxetine","50mg + 20mg","Capsule"
"1e128f48-1d54-46f7-96ea-c824fe699ff6","TAB PREGABA NT","Pregabid NT Tablet",0.818,"Pregabalin + Nortriptyline","75mg + 10mg","Tablet"
"10d42ea9-1394-4719-bb12-9ba07b872713","TAB PROGYNOVA 1","Progynova 1mg Tablet",0.846,"Estradiol","1mg","Tablet"
"61e15b5f-774e-4b49-bfe3-102cf55eb94a","TAB PROGYNOVA 2","Progynova 2mg Tablet",0.846,"Estradiol","2mg","Tablet"
"f0d284bc-70c8-4fe2-91fc-646a523ad415","TAB PROLOMET AM 25","Prolomet XL 25 Tablet",0.857,"Metoprolol Succinate","23.75mg","Tablet"
"d5d6afbf-7734-4401-b155-9184a95b4895","TAB PROLOMET XL 100 MG","Prolomet XL 100 Tablet",0.833,"Metoprolol Succinate","95mg","Tablet"
"94d100ad-d5c6-4278-a17e-0922081835c9","TAB PROLOMET-XL 25 MG","Prolomet XL 25 Tablet",0.765,"Metoprolol Succinate","23.75mg","Tablet"
"f98ad09c-40f5-41a6-b6ee-09d766159124","TAB PROPYSALIC NF OINT 20GM","Propysalic NF Ointment",0.783,"Clobetasol + Salicylic Acid","0.05% w/w + 3.5% w/w","Ointment"
"dcd46df2-e779-4e21-9123-cef24758d831","TAB RABIPREZ DSR","Rabipraz-DSR Capsule",0.833,"Domperidone + Rabeprazole","30mg + 20mg","Capsule"
"c7cdbd91-e69d-4704-848f-ed2d468e67e2","TAB RACIPER D 40","Raciper 40 Tablet",0.833,"Esomeprazole","40mg","Tablet"
"da7cfca9-85ac-416e-a21a-5140db31a508","TAB RACIPER=D=40MG","Raciper 40mg Tablet",0.786,"Esomeprazole","40mg","Tablet"
"7cf10b41-783f-4a4e-8b57-d8066373d155","TAB RAZO 40MG","Razol 20mg Tablet",0.800,"Rabeprazole","20mg","Tablet"
"a7729a61-36c8-4ba3-a25a-bd7299eb1e20","TAB REDUSTAT 40","Redustat 40mg Tablet",0.846,"Atorvastatin","40mg","Tablet"
"b450162d-bfb8-4176-a6d1-63a07f0cd86e","TAB RENERVE CAPS","Renerve Plus Injection",0.750,"Methylcobalamin + Vitamin B6 (Pyridoxine)","1000mcg + 100mg","Injection"
"cfc19cd6-443c-4885-8c38-c63223d2bc34","TAB REPACE 25 MG","Repace 25 Tablet",0.750,"Losartan","25mg","Tablet"
"8f0e6a7f-2b1b-429b-98a5-c4cdd8e05eae","TAB REPACE 50 MG","Repace 50 Tablet",0.750,"Losartan","50mg","Tablet"
"1e06ff64-327f-47ec-adbd-4fd07ca26d63","TAB RIFAGUT 400 MG","Rifagut 400 Tablet",0.786,"Rifaximin","400mg","Tablet"
"1090355a-e1f5-46ab-980b-780c5384558d","TAB ROLL 20","Roll 20mg Tablet",0.778,"Rabeprazole","20mg","Tablet"
"7090476d-fc2d-47c2-a2b0-e9bb34c7114c","TAB ROSEDAY 10MG","Roseday 10 Tablet",0.833,"Rosuvastatin","10mg","Tablet"
"310da2ab-8517-40ae-9a39-519814587927","TAB ROSEDAY  20 MG","Roseday 20 Tablet",0.769,"Rosuvastatin","20mg","Tablet"
"84ff5a59-2c4f-4e2a-bb6b-d9f2c939c20a","TAB ROSEDAY  5 MG","Roseday 5 Tablet",0.750,"Rosuvastatin","5mg","Tablet"
"a0385c31-7127-4b71-9f5a-8873e9b39fce","TAB ROSEDAY 5MG","Roseday 5 Tablet",0.818,"Rosuvastatin","5mg","Tablet"
"6c115008-8334-47f1-be73-d0cedbfbe4d9","TAB ROSUMAC  10 MG","Rosudac 10mg Tablet",0.846,"Rosuvastatin","10mg","Tablet"
"b0f23b77-7f05-4bd8-8c30-b565a86777c9","TAB ROZAVEL  40 MG","Rozavel 40 Tablet",0.769,"Rosuvastatin","40mg","Tablet"
"6d4a1c83-4ee4-4ce5-b80f-53529fd6be19","TAB SARTEL H","Sartel 40 Tablet",0.778,"Telmisartan","40mg","Tablet"
"9c515fe1-6406-43b4-b287-e6cde09a03e0","TAB SARTEL LN","Sartel 40 Tablet",0.778,"Telmisartan","40mg","Tablet"
"a471d36b-9b28-4454-96b3-5fef2c5cf166","TAB SAZO 1000","Sazo 1000mg Tablet",0.818,"Sulfasalazine","1000mg","Tablet"
"ba631571-c564-4ff8-88bf-3cff4ce62cd4","TAB SELOKEN XL 25MG 30S","Seloken XL 25mg Tablet",0.789,"Metoprolol Succinate","23.75mg","Tablet"
"7168bd19-8f29-4cf8-bf09-6c3f0d332cab","TAB SHELCAL 500","Sheltral 400 Tablet",0.750,"Ademetionine","400mg","Tablet"
"db7fb358-4652-4949-86e5-966144154dc1","TAB SILDOO 8MG CAPSULES","Sildosol 8mg Capsule",0.833,"Silodosin","8mg","Capsule"
"161ef424-4d34-487e-9ebb-f27673334bbd","TAB SIMVOTIN 20 MG","Simvotin 20 Tablet",0.786,"Simvastatin","20mg","Tablet"
"5726c14a-610d-4710-8476-96616ce8603c","TAB SITAGON DM 10","Sitawok D 10 Tablet",0.769,"Dapagliflozin + Sitagliptin","10mg + 100mg","Tablet"
"9dabbc67-6508-457b-90f3-b4f47121d5ac","TAB SOBISIS 500","Sobisis EC 500 Tablet",0.786,"Sodium Bicarbonate","500mg","Tablet"
"c8b1fbd4-2020-44e9-81e9-4b5da3cf027e","TAB SOFTVISC EYE DROP","Sofirx Eye Drop",0.765,"Carboxymethylcellulose","0.5% w/v","Tablet"
"1f981647-1ce4-4301-939a-2d5038b6611a","TAB SOMPRAZ L","Sompraz 40 Tablet",0.800,"Esomeprazole","40mg","Tablet"
"af0fe4db-5a6e-4697-a0b1-d46a415e3eec","TAB SORBITRATE 10MG TABLETS","Sorbitrate 10 Tablet",0.867,"Isosorbide Dinitrate","10mg","Tablet"
"3674ef88-81c6-4718-ad4b-b938c9ab6358","TAB SORBITRATE  5MG TABLETS","Sorbitrate 5 Tablet",0.857,"Isosorbide Dinitrate","5mg","Tablet"
"76f06915-4361-463e-bfd5-48d85db0b05a","TAB TARGIT=AM=40/5MG TABLETS","Targit-AM 40mg/5mg Tablet",0.778,"Telmisartan + Amlodipine","40mg + 5mg","Tablet"
"d294b5f1-ae8f-48f8-b504-b21998c65303","TAB TAZLOC 20 MG","Tazloc 20 Tablet",0.750,"Telmisartan","20mg","Tablet"
"49fd4b09-4802-4143-aafb-a4f7fe126de9","TAB TAZLOC AM","Tazloc-AM Tablet",0.889,"Telmisartan + Amlodipine","40mg + 5mg","Tablet"
"60548b73-753d-46f5-acf0-ad7c5887b6a8","TAB TAZLOC-AM 80 MG","Tazloc-AM 80 Tablet",0.800,"Telmisartan + Amlodipine","80mg + 5mg","Tablet"
"377a1fad-fa16-449c-bc87-2cbd7a77de54","TAB TAZLOC CT 40MG","Tazloc-CT 40 Tablet",0.786,"Telmisartan + Chlorthalidone","40mg + 12.5mg","Tablet"
"2406dee8-be41-4129-9177-2a4981f3ab9c","TAB TAZLOC H","Tazloc-H Tablet",0.875,"Telmisartan + Hydrochlorothiazide","40mg + 12.5mg","Tablet"
"c84bb514-d323-4008-be06-5e8666ce4305","TAB TAZLOC TRIO.80MG","Tazloc Trio 80 Tablet",0.813,"Telmisartan + Amlodipine","80mg + 5mg","Tablet"
"c6127040-5ee8-446d-b363-d9df68d774b7","TAB TEGRITAL-CR-200-DIVITABS","Tegrital CR 200 Divitabs",0.875,"Carbamazepine","200mg","Tablet"
"144d8ab8-7e81-4489-b766-1625d710ac22","TAB TELDAY 40 MG","Telmiday 40mg Tablet",0.769,"Telmisartan","40mg","Tablet"
"2bed804e-81cf-4e7b-b19d-958bc7d536d8","TAB TELMA 20 MG","Telmac 20mg Tablet",0.818,"Telmisartan","20mg","Tablet"
"4c6d8e78-b144-4436-abe5-0b5690859943","TAB TELMA 80 MG","Telmi 80mg Tablet",0.818,"Telmisartan","80mg","Tablet"
"ee17d859-3189-4302-baae-223b9342ad44","TAB TELMA AM","Telma-AM Tablet",0.875,"Telmisartan + Amlodipine","40mg + 5mg","Tablet"
"dd9e986b-b1ed-4427-b16e-46abd819658e","TAB Telma CT 40 /6.25","Telma-CT 40/6.25 Tablet",0.882,"Telmisartan + Chlorthalidone","40mg + 6.25mg","Tablet"
"302d4c27-9a3b-49d5-b610-f8da35494aa8","TAB TELMA LN","Telma-LNC Tablet",0.778,"Telmisartan + Cilnidipine","40mg + 10mg","Tablet"
"ba740577-4f22-462b-865f-f5a3f3635659","TAB TELMED 20 MG","Telmedip 20mg Tablet",0.769,"Telmisartan","20mg","Tablet"
"2b0fd679-481b-4b5f-baae-10f7a0b68997","TAB TELMED 40 MG","Telmet 40mg Tablet",0.833,"Telmisartan","40mg","Tablet"
"e4dc2bed-fdcb-49f3-96ba-0be08cab53cb","TAB TELMIKIND 20 MG","Telmikind 20 Tablet",0.800,"Telmisartan","20mg","Tablet"
"aff07077-21b4-49ef-9beb-a39ec36186fa","TAB TELMIKIND 40 MG","Telmikind 40 Tablet",0.800,"Telmisartan","40mg","Tablet"
"160741ed-216d-453f-9cde-8eee386cc4a4","TAB TELPRESS CT 40/12.5  15'S","Telpres CT 40/12.5 Tablet",0.750,"Telmisartan + Chlorthalidone","40mg + 12.5mg","Tablet"
"ef64a423-b576-4a93-a93f-c3fd4a9feb53","TAB TELSAR 20 MG","Telsart 20mg Tablet",0.833,"Telmisartan","20mg","Tablet"
"5f4fe307-2f25-44c6-af2e-e289cc33399d","TAB TELSAR 40 MG","Telsart 40mg Tablet",0.833,"Telmisartan","40mg","Tablet"
"96106e1f-2247-4b5c-b1bf-b5f95a416b3b","TAB TELVAS 20 MG","Telmivas 20mg Tablet",0.769,"Telmisartan","20mg","Tablet"
"448ef757-e297-4884-8e3f-0a9041973753","TAB TELVAS 40 MG","Telvis 40mg Tablet",0.833,"Telmisartan","40mg","Tablet"
"fe7c07e8-f6bc-48a0-b432-9d9da3b073df","TAB TELVAS 80 MG","Teltas 80mg Tablet",0.833,"Telmisartan","80mg","Tablet"
"a1364d59-3b12-4b65-b788-e41d0c43eea5","TAB TELVAS AM","Telvas-AM Tablet",0.889,"Telmisartan + Amlodipine","40mg + 5mg","Tablet"
"f6e70560-59da-4ca0-a32e-3f35a91869fe","TAB TELVAS AM 80/5MG","Telvas-AM 80/5 Tablet",0.813,"Telmisartan + Amlodipine","80mg + 5mg","Tablet"
"21b40fb8-ca72-41c4-9174-08c61cfdc7cd","TAB TELVAS H 80","Telvas 3D 80 Tablet",0.833,"Telmisartan + Amlodipine","80mg + 5mg","Tablet"
"699a1d71-61cc-4306-94c4-8c0ad786ef06","TAB TENSTAR-20","Tenstar 20mg Tablet",0.750,"Teneligliptin","20mg","Tablet"
"f56c27bb-18fb-477e-86d7-61ecf684a49e","TAB THIOFACT FORTE","Thiodic Forte Capsule",0.786,"Thiocolchicoside + Diclofenac","8mg + 50mg","Capsule"
"42b34905-d11b-4044-949f-e041cbd10304","TAB THYRONORM 100","Thyronorm 100mcg Tablet",0.813,"Thyroxine","100mcg","Tablet"
"ca9b3af5-baef-4007-ae6c-a4fc2f01b425","TAB THYRONORM 12.5","Thyronorm 12.5mcg Tablet",0.824,"Thyroxine","12.5mcg","Tablet"
"5fdda8b3-2028-43aa-8731-4beb0c8768e6","TAB THYRONORM 125","Thyronorm 125mcg Tablet",0.813,"Thyroxine","125mcg","Tablet"
"bdc1e4db-1f5a-4183-8c2b-6ec2b1aadc60","TAB THYRONORM 25","Thyronorm 25mcg Tablet",0.800,"Thyroxine","25mcg","Tablet"
"92483815-3cf8-4328-940e-b70b0a257d00","TAB THYRONORM 50","Thyronorm 50mcg Tablet",0.800,"Thyroxine","50mcg","Tablet"
"09966ebb-ab06-4868-9c61-d680fa4e3b62","TAB THYRONORM 62.5","Thyronorm 62.5mcg Tablet",0.824,"Thyroxine","62.5mcg","Tablet"
"f3c155ca-f617-45f3-9e7b-f856c2a51449","TAB THYRONORM 75","Thyronorm 75mcg Tablet",0.800,"Thyroxine","75mcg","Tablet"
"78169209-6b51-4abc-bcb6-7dbdc6f8fbc3","TAB THYROX 25 MCG","Thyrod 25mcg Tablet",0.846,"Thyroxine","25mcg","Tablet"
"ae90ee56-8856-4639-88af-6856471ee5b2","TAB THYROX 50 MG","Thyrox 50 Tablet",0.750,"Thyroxine","50mcg","Tablet"
"06138b0a-eb77-48d3-b939-d5b050054bb1","TAB THYROX 75 MCG","Thyrox 37.5mcg Tablet",0.786,"Thyroxine","37.5mcg","Tablet"
"9f000bc9-eaa0-4919-b592-21fcd1e61f9d","TAB THYROX 88 MCG","Thyropax 88mcg Tablet",0.786,"Thyroxine","88mcg","Tablet"
"ffc3ddee-d416-49b8-954b-2d2cb628b2d9","TAB TONACT 10 MG","Tonact 20mg Tablet",0.833,"Atorvastatin","20mg","Tablet"
"1cb03eb9-5814-47e1-acd8-657849198bdc","TAB TONACT 40 MG","Tonact 20mg Tablet",0.833,"Atorvastatin","20mg","Tablet"
"788483f2-bec7-46d4-b2ae-945f7bfdc898","TAB TONACT 5 MG","Tonact 20mg Tablet",0.818,"Atorvastatin","20mg","Tablet"
"3d952711-3e52-48f1-a842-2a9280c2fc03","TAB TONACT PLUS","Tonobet Plus Cream",0.750,"Ketoconazole + Clioquinol (Iodochlorhydroxyquin)","2% w/w + 1% w/w","Cream"
"4287f331-6dc6-4b69-a025-201942825c53","TAB TOPAZ 50 MG","Topmac 500mg Tablet",0.750,"Azithromycin","500mg","Tablet"
"0af302c4-2cd8-49b7-8224-38ce5fac7ad9","TAB TOR 20","TOR 10 Tablet",0.833,"Torasemide","10mg","Tablet"
"05324bdb-eb3a-426b-82df-93cec2d4104e","TAB TRIBET 1 MG","Tribest 25mg Tablet",0.750,"Trioxasalen","25mg","Tablet"
"19f971af-37ee-46c0-a9f1-13978206cc94","TAB TRIBET 2 MG","Tribest 25mg Tablet",0.833,"Trioxasalen","25mg","Tablet"
"8d73b1a0-10ef-4631-8355-af445ff9b069","TAB TRIPRIDE 1 MG","Tripride 1 HV Tablet",0.846,"Glimepiride + Metformin","1mg + 500mg","Tablet"
"8173c9e9-856d-415d-915f-524c681021ad","TAB TRIPRIDE 2 MG","Tripride 1 HV Tablet",0.769,"Glimepiride + Metformin","1mg + 500mg","Tablet"
"780754b9-8c67-4a1c-ad3a-82287cb5cead","TAB TRYPTOMER 10MG TAB","Tryptomer 10mg Tablet",0.778,"Amitriptyline","10mg","Tablet"
"1ac21fda-bfe6-4c9c-91cc-0685a6d34d0e","TAB TRYPTOMER 25MG TAB","Tryptomer 25mg Tablet",0.778,"Amitriptyline","25mg","Tablet"
"ae0a1554-fdb9-42e4-8aec-a2857dba06fe","TAB URSOCOL 300 MG","Ursodol 300mg Tablet",0.857,"Ursodeoxycholic Acid","300mg","Tablet"
"02d7cd5a-c035-4fef-8e61-6bb04e7d542e","TAB VALIUM 2","Valium 5 Tablet",0.875,"Diazepam","5mg","Tablet"
"aa545075-6c2c-43c6-adaf-6daea13890d4","TAB Valzaar H","Valzaar-H Tablet",0.889,"Valsartan + Hydrochlorothiazide","80mg + 12.5mg","Tablet"
"baaf23d1-503f-4474-b237-6576a63028be","TAB VASOGRAIN EC","Vasograin Tablet",0.750,"Caffeine + Ergotamine","100mg + 1mg","Tablet"
"cc1275b9-ce9e-4687-ad61-1cedac76e3bf","TAB VENTAB  XL 37.5 TAB","Ventab XL 37.5 Tablet",0.778,"Venlafaxine","37.5mg","Tablet"
"0b08c645-362c-401e-be80-df8e10d37ace","TAB VERTIBAR-24","Vertibar 24mg Tablet",0.769,"Betahistine","24mg","Tablet"
"18dfac1f-15ee-4b14-90eb-ef56fb30ef1f","TAB VERTIN 8","Vertin 8mg Tablet",0.800,"Betahistine","8mg","Tablet"
"58f2271c-d593-4a9f-97b1-cf184a5e9146","TAB VERTISTAR MD 8","Vertistar - MD 8 Tablet",0.875,"Betahistine","8mg","Tablet"
"ff0d5708-80d0-491f-8fea-fb9974712924","TAB VOLIBO 0.2 MG","Volibose 0.2mg Tablet",0.786,"Voglibose","0.2mg","Tablet"
"884e13de-30b3-4568-b623-51d815911000","TAB VOLIBO 0.3 MG","Volibo 0.3 Tablet",0.769,"Voglibose","0.3mg","Tablet"
"71cdc656-ce1e-4d43-a607-b15f896c75dd","TAB VOVERAN D","Voveran AQ Injection",0.800,"Diclofenac","75mg","Injection"
"fce4c527-649c-4d97-a193-0a8e95669ef7","TAB WALAPHAGE 500 MG","Walaphage 500 Tablet",0.813,"Metformin","500mg","Tablet"
"bbf71387-1559-480c-a4ad-94208c3aa0a2","TAB WARF 3MG","Warf 4mg Tablet",0.875,"Warfarin","4mg","Tablet"
"39833a38-3c98-4d91-9319-7d1ba316639c","TAB WARF 5MG","Warf 4mg Tablet",0.875,"Warfarin","4mg","Tablet"
"9fb35d27-b710-4b38-9492-0d95fea0c03d","TAB WYTEROS  10","Wytron 10 Tablet",0.800,"Medroxyprogesterone acetate","10mg","Tablet"
"e2a87b26-8bab-44e3-9e98-e5ff92a4b9c2","TAB X MET 500 MG","X Mab 500mg Injection",0.750,"Rituximab","500mg","Injection"
"aa0f852e-4dc7-4804-914f-d53ee7a80736","TAB ZEN RETARD 200","ZEN Retard 100mg Tablet",0.813,"Carbamazepine","100mg","Tablet"
"fe62beab-6c1c-4506-86c1-6651f593edc1","TAB ZINCOVIT","Zinclovil Cream",0.778,"Clobetasol + Gentamicin","0.05% w/w + 0.1% w/w","Cream"
"5fcc924b-db03-46d8-bcf7-fbcc152524b5","TAB Zocon 150 mg","Zocol 150mg Tablet",0.833,"Fluconazole","150mg","Tablet"
"253e9a30-58c9-4f34-b7e2-e42b8b9167ae","TAB Zocon 200 mg","Zocin 200mg Tablet",0.833,"Ofloxacin","200mg","Tablet"
"a59da1f1-dd17-4298-80cc-0d544f87075d","TAB ZOLFRESH 5 MG","Zolfresh 10mg Tablet",0.846,"Zolpidem","10mg","Tablet"
"5fdc148f-8906-45ab-be8c-886c55f544e8","TAB ZOMELIS MET 50MG/500MG  15'S","Zomelis Met 50mg/500mg Tablet",0.815,"Metformin + Vildagliptin","500mg + 50mg","Tablet"
"2559357b-3e41-4c94-a838-e17033bd37f5","TRAPIC 500","Trapic 500mg Tablet",0.833,"Tranexamic Acid","500mg","Tablet"
"a7c70acf-dac5-4772-9be4-f94e09bf6fb4","VERTINAL 16","Vertin 16 Tablet",0.818,"Betahistine","16mg","Tablet"
"f38b5aad-73fa-4735-ba66-65b3c4d4929d","VERTINAL 8","Vertinat 8mg Tablet",0.750,"Betahistine","8mg","Tablet"
"421ce98d-5f3a-448f-a446-e76d7063de61","WALAPHAGE G1","Walaphage 500 Tablet",0.769,"Metformin","500mg","Tablet"
"80a0127e-b760-4891-b1e3-ecd365613837","WAXONIL KID EAR DROP","Waxonil Activ Ear Drop",0.818,"Benzocaine + Chlorbutol","2.7% w/v + 5% w/v","Tablet"
"0b27f1d8-6a61-4afd-9536-4c78042934da","XYLOMIST 0.1%NASAL DROPS","Xylovis 0.1% Nasal Drops",0.875,"Xylometazoline","0.1% w/v","Drops"
"58d5c523-9685-49c3-934c-5b664d597231","XYLOMIST  P NASAL DROP","Xylomet P Nasal Drops",0.857,"Xylometazoline","0.05% w/v","Drops"
"be8a3ff9-7561-4a48-b4ab-d59e19f06fc5","ZINGISOL","Zinidol Gel",0.750,"Diclofenac + Linseed Oil","1.16% w/w + 3% w/w","Gel"